{"stats":{"minecraft:killed":{"minecraft:pig":3,"alexsmobs:raccoon":2,"minecraft:spider":4,"minecraft:dolphin":2,"minecraft:creeper":5,"minecraft:sheep":1,"minecraft:skeleton":4,"minecraft:zombie":19,"ars_nouveau:wilden_stalker":3,"iceandfire:ghost":2,"ars_nouveau:summon_wolf":2,"ars_nouveau:wilden_hunter":1},"minecraft:broken":{"minecraft:stone_pickaxe":2,"minecraft:leather_helmet":1},"minecraft:used":{"minecraft:water_bucket":10,"minecraft:flint_and_steel":4,"minecraft:stone_pickaxe":263,"minecraft:spruce_planks":147,"minecraft:chest":18,"minecraft:wooden_pickaxe":49,"minecraft:shield":3,"minecraft:stone_hoe":30,"minecraft:white_wool":7,"elevatorid:elevator_white":4,"minecraft:torch":9,"minecraft:dirt":61,"minecraft:crafting_table":3,"minecraft:sponge":3,"minecraft:white_bed":2,"minecraft:spruce_log":208,"minecraft:obsidian":19,"easy_villagers:villager":2,"minecraft:red_wool":27,"minecraft:iron_axe":49,"minecraft:grass_block":95,"minecraft:gravel":1,"minecraft:yellow_wool":26,"minecraft:stone_axe":64,"minecraft:diamond_sword":13,"minecraft:dolphin_spawn_egg":5,"minecraft:cobblestone":37,"minecraft:furnace":2,"minecraft:cooked_porkchop":19,"alexsmobs:animal_dictionary":1},"minecraft:mined":{"tconstruct:copper_ore":39,"minecraft:spruce_planks":5,"minecraft:white_bed":1,"iceandfire:copper_pile":2,"blue_skies:moonstone":1,"minecraft:brewing_stand":1,"minecraft:crafting_table":2,"minecraft:grass_block":2,"mekanism:tin_ore":8,"iceandfire:lectern":1,"minecraft:tall_grass":6,"minecraft:spruce_leaves":4,"minecraft:diorite":3,"mysticalagriculture:inferium_ore":20,"minecraft:large_fern":6,"minecraft:hay_block":27,"mekanism:copper_ore":1,"minecraft:furnace":2,"iceandfire:copper_ore":3,"minecraft:iron_ore":23,"minecraft:spruce_log":12,"minecraft:grass":6,"minecraft:coal_ore":146,"iceandfire:silver_pile":3,"iceandfire:gold_pile":3,"minecraft:gravel":1,"minecraft:stone":54,"iceandfire:podium_spruce":1,"appliedenergistics2:quartz_ore":5,"minecraft:oak_leaves":4,"paraglider:goddess_statue":2},"minecraft:crafted":{"minecraft:spruce_planks":12,"minecraft:stone_axe":1,"minecraft:air":30,"minecraft:stick":16},"minecraft:dropped":{"minecraft:porkchop":4,"minecraft:wheat_seeds":2,"minecraft:rotten_flesh":2,"minecraft:stick":6,"minecraft:diamond_sword":6,"minecraft:dirt":2,"minecraft:torch":2,"minecraft:mutton":1,"minecraft:wooden_axe":1,"minecraft:wooden_pickaxe":1,"minecraft:paper":6,"minecraft:white_wool":1},"minecraft:picked_up":{"minecraft:crafting_table":2,"iceandfire:copper_ore":3,"minecraft:diamond_sword":6,"minecraft:brewing_stand":1,"minecraft:shield":1,"minecraft:gunpowder":2,"minecraft:string":2,"paraglider:goddess_statue":2,"minecraft:dirt":3,"appliedenergistics2:certus_quartz_crystal":8,"mysticalagriculture:inferium_essence":75,"minecraft:wheat_seeds":12,"minecraft:gold_nugget":18,"minecraft:spruce_planks":4,"minecraft:iron_ore":23,"mekanism:copper_ore":1,"minecraft:furnace":2,"iceandfire:copper_nugget":14,"tconstruct:copper_ore":39,"iceandfire:podium_spruce":1,"mekanism:tin_ore":8,"minecraft:dandelion":5,"potionsmaster:bezoar":1,"minecraft:gravel":1,"minecraft:porkchop":4,"minecraft:white_bed":1,"minecraft:spruce_log":12,"minecraft:leather_helmet":1,"minecraft:arrow":2,"minecraft:rotten_flesh":12,"minecraft:cooked_cod":1,"iceandfire:lectern":1,"minecraft:hay_block":27,"alexsmobs:maggot":2,"minecraft:mutton":1,"iceandfire:silver_nugget":10,"minecraft:coal":146,"minecraft:white_wool":1,"minecraft:cobblestone":54},"minecraft:custom":{"minecraft:mob_kills":51,"minecraft:interact_with_crafting_table":4,"minecraft:open_barrel":3,"minecraft:play_one_minute":146078,"minecraft:leave_game":5,"minecraft:time_since_death":146078,"minecraft:sleep_in_bed":2,"minecraft:climb_one_cm":2473,"minecraft:time_since_rest":71873,"minecraft:waystone_activated":3,"minecraft:sprint_one_cm":122739,"minecraft:damage_taken":1383,"minecraft:walk_one_cm":311851,"minecraft:damage_blocked_by_shield":110,"minecraft:trigger_trapped_chest":1,"minecraft:drop":19,"minecraft:damage_dealt":8448,"minecraft:damage_dealt_absorbed":80,"minecraft:swim_one_cm":1559,"minecraft:talked_to_villager":2,"minecraft:fly_one_cm":1098709,"minecraft:open_chest":29,"minecraft:crouch_one_cm":11120,"minecraft:sneak_time":4812,"minecraft:walk_under_water_one_cm":8361,"minecraft:jump":1217,"minecraft:walk_on_water_one_cm":4398,"minecraft:fall_one_cm":32300}},"DataVersion":2586}