{"stats":{"minecraft:killed":{"minecraft:sheep":1,"minecraft:zombie":2,"minecraft:pig":3,"alexsmobs:raccoon":1,"minecraft:spider":1},"minecraft:used":{"easy_villagers:villager":2,"minecraft:stone_pickaxe":28,"minecraft:wooden_pickaxe":49,"minecraft:stone_hoe":30,"minecraft:stone_axe":16,"minecraft:dirt":1,"minecraft:crafting_table":1,"minecraft:cooked_porkchop":4,"alexsmobs:animal_dictionary":1},"minecraft:mined":{"tconstruct:copper_ore":10,"minecraft:large_fern":1,"minecraft:hay_block":27,"minecraft:white_bed":1,"minecraft:furnace":2,"iceandfire:copper_pile":2,"minecraft:spruce_log":9,"minecraft:brewing_stand":1,"minecraft:crafting_table":1,"minecraft:grass":4,"minecraft:grass_block":2,"minecraft:coal_ore":12,"iceandfire:silver_pile":3,"iceandfire:gold_pile":3,"iceandfire:lectern":1,"minecraft:tall_grass":5,"minecraft:spruce_leaves":4,"minecraft:stone":48,"iceandfire:podium_spruce":1,"minecraft:oak_leaves":4,"paraglider:goddess_statue":1},"minecraft:crafted":{"minecraft:spruce_planks":8,"minecraft:stick":8,"minecraft:stone_axe":1,"minecraft:air":21},"minecraft:dropped":{"minecraft:dirt":2,"minecraft:wheat_seeds":2,"minecraft:mutton":1,"minecraft:wooden_axe":1,"minecraft:wooden_pickaxe":1,"minecraft:white_wool":1},"minecraft:picked_up":{"tconstruct:copper_ore":10,"minecraft:crafting_table":1,"iceandfire:copper_nugget":14,"iceandfire:podium_spruce":1,"potionsmaster:bezoar":1,"minecraft:porkchop":4,"minecraft:brewing_stand":1,"minecraft:white_bed":1,"minecraft:spruce_log":9,"paraglider:goddess_statue":1,"minecraft:dirt":3,"minecraft:rotten_flesh":2,"minecraft:wheat_seeds":2,"mysticalagriculture:inferium_essence":3,"minecraft:gold_nugget":18,"iceandfire:lectern":1,"minecraft:hay_block":27,"minecraft:coal":12,"minecraft:mutton":1,"iceandfire:silver_nugget":10,"minecraft:white_wool":1,"minecraft:cobblestone":48,"minecraft:furnace":2},"minecraft:custom":{"minecraft:time_since_rest":7329,"minecraft:waystone_activated":1,"minecraft:sprint_one_cm":31962,"minecraft:damage_taken":300,"minecraft:walk_one_cm":87122,"minecraft:mob_kills":8,"minecraft:drop":8,"minecraft:damage_dealt":920,"minecraft:talked_to_villager":2,"minecraft:interact_with_crafting_table":3,"minecraft:fly_one_cm":59942,"minecraft:open_barrel":2,"minecraft:open_chest":4,"minecraft:play_one_minute":32640,"minecraft:crouch_one_cm":2385,"minecraft:sneak_time":962,"minecraft:jump":321,"minecraft:time_since_death":32640,"minecraft:leave_game":3,"minecraft:sleep_in_bed":1,"minecraft:climb_one_cm":1673,"minecraft:fall_one_cm":10282}},"DataVersion":2586}