{"stats":{"minecraft:killed":{"minecraft:pig":3,"alexsmobs:raccoon":1,"minecraft:spider":3,"minecraft:sheep":1,"minecraft:skeleton":3,"minecraft:zombie":6,"ars_nouveau:wilden_stalker":3},"minecraft:broken":{"minecraft:stone_pickaxe":1},"minecraft:used":{"minecraft:stone_pickaxe":221,"minecraft:shield":3,"minecraft:wooden_pickaxe":49,"minecraft:stone_hoe":30,"minecraft:torch":7,"minecraft:dirt":1,"minecraft:crafting_table":2,"easy_villagers:villager":2,"minecraft:gravel":1,"minecraft:stone_axe":54,"minecraft:cobblestone":7,"minecraft:cooked_porkchop":10,"alexsmobs:animal_dictionary":1},"minecraft:mined":{"tconstruct:copper_ore":30,"minecraft:white_bed":1,"iceandfire:copper_pile":2,"minecraft:brewing_stand":1,"minecraft:crafting_table":2,"minecraft:grass_block":2,"mekanism:tin_ore":8,"iceandfire:lectern":1,"minecraft:tall_grass":5,"minecraft:spruce_leaves":4,"minecraft:diorite":3,"minecraft:large_fern":1,"minecraft:hay_block":27,"mekanism:copper_ore":1,"minecraft:furnace":2,"iceandfire:copper_ore":1,"minecraft:iron_ore":23,"minecraft:spruce_log":9,"minecraft:grass":4,"minecraft:coal_ore":139,"iceandfire:silver_pile":3,"iceandfire:gold_pile":3,"minecraft:gravel":1,"iceandfire:podium_spruce":1,"minecraft:stone":53,"appliedenergistics2:quartz_ore":4,"minecraft:oak_leaves":4,"paraglider:goddess_statue":1},"minecraft:crafted":{"minecraft:spruce_planks":12,"minecraft:stone_axe":1,"minecraft:air":30,"minecraft:stick":16},"minecraft:dropped":{"minecraft:porkchop":4,"minecraft:wheat_seeds":2,"minecraft:rotten_flesh":2,"minecraft:stick":6,"minecraft:dirt":2,"minecraft:torch":2,"minecraft:mutton":1,"minecraft:wooden_axe":1,"minecraft:wooden_pickaxe":1,"minecraft:paper":6,"minecraft:white_wool":1},"minecraft:picked_up":{"minecraft:crafting_table":2,"iceandfire:copper_ore":1,"minecraft:brewing_stand":1,"minecraft:shield":1,"paraglider:goddess_statue":1,"minecraft:dirt":3,"mysticalagriculture:inferium_essence":4,"minecraft:wheat_seeds":2,"appliedenergistics2:certus_quartz_crystal":7,"minecraft:gold_nugget":18,"minecraft:iron_ore":23,"mekanism:copper_ore":1,"minecraft:furnace":2,"iceandfire:copper_nugget":14,"tconstruct:copper_ore":30,"iceandfire:podium_spruce":1,"mekanism:tin_ore":8,"potionsmaster:bezoar":1,"minecraft:gravel":1,"minecraft:porkchop":4,"minecraft:white_bed":1,"minecraft:spruce_log":9,"minecraft:leather_helmet":1,"minecraft:arrow":2,"minecraft:rotten_flesh":4,"iceandfire:lectern":1,"minecraft:hay_block":27,"minecraft:mutton":1,"iceandfire:silver_nugget":10,"minecraft:coal":139,"minecraft:white_wool":1,"minecraft:cobblestone":53},"minecraft:custom":{"minecraft:mob_kills":21,"minecraft:interact_with_crafting_table":4,"minecraft:open_barrel":2,"minecraft:play_one_minute":47695,"minecraft:leave_game":4,"minecraft:time_since_death":47695,"minecraft:sleep_in_bed":1,"minecraft:climb_one_cm":1673,"minecraft:time_since_rest":22384,"minecraft:waystone_activated":1,"minecraft:walk_one_cm":133404,"minecraft:sprint_one_cm":46156,"minecraft:damage_taken":820,"minecraft:damage_blocked_by_shield":110,"minecraft:drop":13,"minecraft:damage_dealt":3212,"minecraft:damage_dealt_absorbed":80,"minecraft:talked_to_villager":2,"minecraft:fly_one_cm":82429,"minecraft:open_chest":4,"minecraft:crouch_one_cm":4145,"minecraft:sneak_time":2019,"minecraft:walk_under_water_one_cm":484,"minecraft:jump":607,"minecraft:walk_on_water_one_cm":2539,"minecraft:fall_one_cm":15907}},"DataVersion":2586}