{"stats":{"minecraft:mined":{"minecraft:large_fern":1,"minecraft:hay_block":3,"minecraft:grass_block":1,"minecraft:tall_grass":3,"minecraft:spruce_leaves":4,"minecraft:spruce_log":6},"minecraft:dropped":{"minecraft:dirt":2},"minecraft:picked_up":{"minecraft:hay_block":3,"minecraft:spruce_log":6,"minecraft:dirt":2},"minecraft:custom":{"minecraft:time_since_rest":13262,"minecraft:waystone_activated":1,"minecraft:crouch_one_cm":749,"minecraft:play_one_minute":13262,"minecraft:sprint_one_cm":4781,"minecraft:damage_taken":10,"minecraft:walk_one_cm":17420,"minecraft:sneak_time":398,"minecraft:drop":2,"minecraft:jump":64,"minecraft:leave_game":3,"minecraft:time_since_death":13262,"minecraft:climb_one_cm":1673,"minecraft:fall_one_cm":1589,"minecraft:fly_one_cm":8409}},"DataVersion":2586}