{"stats":{"minecraft:killed":{"alexsmobs:raccoon":2,"minecraft:spider":4,"minecraft:dolphin":2,"minecraft:skeleton":10,"ars_nouveau:summon_wolf":3,"minecraft:pig":3,"minecraft:creeper":6,"minecraft:sheep":1,"minecraft:zombie":25,"iceandfire:ghost":2,"ars_nouveau:wilden_stalker":5,"ars_nouveau:wilden_hunter":2},"minecraft:broken":{"minecraft:leather_helmet":1,"minecraft:stone_pickaxe":2},"minecraft:used":{"minecraft:flint_and_steel":4,"minecraft:spruce_slab":8,"minecraft:chest":18,"minecraft:spruce_planks":234,"minecraft:shield":3,"minecraft:stone":40,"minecraft:stone_hoe":31,"minecraft:torch":9,"minecraft:dirt":61,"minecraft:spruce_stairs":18,"minecraft:carrot":1,"minecraft:spruce_fence":72,"minecraft:obsidian":19,"minecraft:dark_oak_planks":127,"minecraft:stone_brick_slab":58,"minecraft:red_wool":27,"minecraft:grass_block":95,"minecraft:lantern":24,"minecraft:iron_axe":102,"minecraft:dark_oak_slab":16,"minecraft:barrel":19,"minecraft:stone_brick_stairs":115,"minecraft:stone_bricks":307,"minecraft:dolphin_spawn_egg":5,"minecraft:furnace":2,"minecraft:dark_oak_stairs":93,"minecraft:water_bucket":10,"minecraft:spruce_door":4,"minecraft:stone_pickaxe":267,"minecraft:wooden_pickaxe":49,"minecraft:spruce_fence_gate":26,"minecraft:oak_leaves":45,"minecraft:white_wool":7,"elevatorid:elevator_white":4,"minecraft:dark_oak_trapdoor":2,"minecraft:crafting_table":6,"minecraft:blast_furnace":4,"minecraft:white_bed":2,"minecraft:sponge":3,"minecraft:stone_brick_wall":2,"minecraft:shears":176,"minecraft:spruce_log":235,"easy_villagers:villager":2,"minecraft:iron_pickaxe":43,"minecraft:spruce_trapdoor":6,"minecraft:gravel":1,"minecraft:yellow_wool":26,"minecraft:stone_axe":64,"minecraft:diamond_sword":13,"minecraft:cobblestone":40,"minecraft:cooked_porkchop":24,"minecraft:andesite":56,"minecraft:glass_pane":52,"alexsmobs:animal_dictionary":1},"minecraft:mined":{"minecraft:spruce_planks":7,"minecraft:white_bed":1,"iceandfire:copper_pile":2,"farmersdelight:wild_carrots":1,"blue_skies:moonstone":1,"minecraft:brewing_stand":1,"minecraft:grass_block":2,"minecraft:spruce_fence":6,"iceandfire:lectern":1,"minecraft:spruce_leaves":4,"mysticalagriculture:inferium_ore":20,"minecraft:large_fern":6,"minecraft:hay_block":27,"mekanism:copper_ore":1,"minecraft:furnace":2,"iceandfire:copper_ore":3,"minecraft:barrel":1,"minecraft:iron_ore":23,"iceandfire:gold_pile":3,"minecraft:lantern":1,"iceandfire:podium_spruce":1,"minecraft:stone":55,"tconstruct:copper_ore":39,"minecraft:spruce_door":3,"minecraft:crafting_table":4,"minecraft:blast_furnace":1,"mekanism:tin_ore":8,"minecraft:tall_grass":12,"minecraft:cobblestone":15,"minecraft:diorite":3,"minecraft:spruce_stairs":1,"minecraft:spruce_log":12,"minecraft:stone_brick_stairs":5,"minecraft:grass":6,"iceandfire:silver_pile":3,"minecraft:coal_ore":146,"minecraft:gravel":1,"minecraft:spruce_fence_gate":1,"minecraft:stone_bricks":23,"appliedenergistics2:quartz_ore":5,"minecraft:oak_leaves":181,"paraglider:goddess_statue":2},"minecraft:crafted":{"minecraft:spruce_planks":16,"minecraft:stone_axe":1,"minecraft:air":367,"minecraft:stick":16,"minecraft:iron_ingot":15,"minecraft:iron_pickaxe":1},"minecraft:dropped":{"minecraft:porkchop":4,"minecraft:wheat_seeds":2,"minecraft:stick":6,"minecraft:dirt":2,"minecraft:grass":4,"minecraft:torch":3,"minecraft:mutton":1,"minecraft:wooden_axe":1,"minecraft:paper":6,"minecraft:white_wool":1,"ars_nouveau:wilden_wing":1,"minecraft:bone":1,"minecraft:rotten_flesh":6,"minecraft:diamond_sword":6,"mysticalagriculture:inferium_essence":4,"minecraft:arrow":4,"minecraft:wooden_pickaxe":1},"minecraft:picked_up":{"minecraft:crafting_table":4,"iceandfire:copper_ore":3,"minecraft:diamond_sword":6,"minecraft:stone_brick_stairs":5,"minecraft:brewing_stand":1,"minecraft:shield":1,"paraglider:goddess_statue":2,"minecraft:string":2,"mysticalagriculture:inferium_essence":80,"minecraft:gold_nugget":18,"minecraft:spruce_planks":6,"mekanism:copper_ore":1,"minecraft:furnace":2,"mekanism:tin_ore":8,"minecraft:spruce_stairs":1,"potionsmaster:bezoar":1,"minecraft:spruce_fence":6,"minecraft:porkchop":4,"minecraft:carrot":1,"minecraft:arrow":6,"minecraft:rotten_flesh":16,"minecraft:cooked_cod":1,"minecraft:hay_block":27,"minecraft:mutton":1,"minecraft:white_wool":1,"minecraft:cobblestone":70,"ars_nouveau:wilden_wing":1,"minecraft:gunpowder":2,"minecraft:dirt":3,"minecraft:lantern":4,"minecraft:bone":1,"minecraft:stone_bricks":22,"minecraft:wheat_seeds":12,"appliedenergistics2:certus_quartz_crystal":8,"minecraft:iron_ore":23,"iceandfire:copper_nugget":14,"tconstruct:copper_ore":39,"iceandfire:podium_spruce":1,"minecraft:dandelion":5,"minecraft:gravel":1,"minecraft:blast_furnace":1,"minecraft:white_bed":1,"minecraft:spruce_log":12,"minecraft:barrel":1,"minecraft:spruce_door":3,"minecraft:leather_helmet":1,"minecraft:spruce_fence_gate":1,"iceandfire:lectern":1,"minecraft:grass":4,"alexsmobs:maggot":2,"iceandfire:silver_nugget":10,"minecraft:coal":146,"minecraft:oak_leaves":165},"minecraft:custom":{"minecraft:mob_kills":69,"minecraft:interact_with_crafting_table":15,"minecraft:open_barrel":4,"minecraft:leave_game":5,"minecraft:time_since_death":206078,"minecraft:climb_one_cm":2473,"minecraft:sprint_one_cm":162323,"minecraft:walk_one_cm":526386,"minecraft:damage_blocked_by_shield":110,"minecraft:drop":33,"minecraft:damage_dealt_absorbed":80,"minecraft:talked_to_villager":2,"minecraft:sneak_time":6257,"minecraft:walk_under_water_one_cm":8361,"minecraft:jump":1537,"minecraft:interact_with_blast_furnace":3,"minecraft:walk_on_water_one_cm":4398,"minecraft:interact_with_furnace":14,"minecraft:play_one_minute":206078,"minecraft:sleep_in_bed":2,"minecraft:time_since_rest":131873,"minecraft:waystone_activated":3,"minecraft:damage_taken":1806,"minecraft:trigger_trapped_chest":1,"minecraft:damage_dealt":11623,"minecraft:fly_one_cm":1235688,"minecraft:swim_one_cm":1559,"minecraft:open_chest":52,"minecraft:crouch_one_cm":16139,"minecraft:fall_one_cm":38095}},"DataVersion":2586}