{"stats":{"minecraft:killed":{"minecraft:pig":3,"alexsmobs:raccoon":1,"minecraft:spider":3,"minecraft:sheep":1,"minecraft:skeleton":3,"minecraft:zombie":6,"ars_nouveau:wilden_stalker":3,"iceandfire:ghost":2},"minecraft:broken":{"minecraft:stone_pickaxe":2},"minecraft:used":{"minecraft:stone_pickaxe":263,"minecraft:chest":18,"minecraft:wooden_pickaxe":49,"minecraft:shield":3,"minecraft:stone_hoe":30,"minecraft:torch":9,"minecraft:dirt":1,"minecraft:crafting_table":3,"minecraft:white_bed":2,"easy_villagers:villager":2,"minecraft:gravel":1,"minecraft:stone_axe":63,"minecraft:cobblestone":13,"minecraft:furnace":2,"minecraft:cooked_porkchop":16,"alexsmobs:animal_dictionary":1},"minecraft:mined":{"tconstruct:copper_ore":39,"minecraft:white_bed":1,"iceandfire:copper_pile":2,"blue_skies:moonstone":1,"minecraft:brewing_stand":1,"minecraft:crafting_table":2,"minecraft:grass_block":2,"mekanism:tin_ore":8,"iceandfire:lectern":1,"minecraft:tall_grass":6,"minecraft:spruce_leaves":4,"minecraft:diorite":3,"mysticalagriculture:inferium_ore":20,"minecraft:large_fern":6,"minecraft:hay_block":27,"mekanism:copper_ore":1,"minecraft:furnace":2,"iceandfire:copper_ore":3,"minecraft:iron_ore":23,"minecraft:spruce_log":9,"minecraft:grass":6,"minecraft:coal_ore":146,"iceandfire:silver_pile":3,"iceandfire:gold_pile":3,"minecraft:gravel":1,"minecraft:stone":54,"iceandfire:podium_spruce":1,"appliedenergistics2:quartz_ore":5,"minecraft:oak_leaves":4,"paraglider:goddess_statue":2},"minecraft:crafted":{"minecraft:spruce_planks":12,"minecraft:stone_axe":1,"minecraft:air":30,"minecraft:stick":16},"minecraft:dropped":{"minecraft:porkchop":4,"minecraft:wheat_seeds":2,"minecraft:rotten_flesh":2,"minecraft:stick":6,"minecraft:dirt":2,"minecraft:torch":2,"minecraft:mutton":1,"minecraft:wooden_axe":1,"minecraft:wooden_pickaxe":1,"minecraft:paper":6,"minecraft:white_wool":1},"minecraft:picked_up":{"minecraft:crafting_table":2,"iceandfire:copper_ore":3,"minecraft:brewing_stand":1,"minecraft:shield":1,"paraglider:goddess_statue":2,"minecraft:dirt":3,"appliedenergistics2:certus_quartz_crystal":8,"mysticalagriculture:inferium_essence":68,"minecraft:wheat_seeds":3,"minecraft:gold_nugget":18,"minecraft:iron_ore":23,"mekanism:copper_ore":1,"minecraft:furnace":2,"iceandfire:copper_nugget":14,"tconstruct:copper_ore":39,"iceandfire:podium_spruce":1,"mekanism:tin_ore":8,"potionsmaster:bezoar":1,"minecraft:gravel":1,"minecraft:porkchop":4,"minecraft:white_bed":1,"minecraft:spruce_log":9,"minecraft:leather_helmet":1,"minecraft:arrow":2,"minecraft:rotten_flesh":4,"iceandfire:lectern":1,"minecraft:hay_block":27,"minecraft:mutton":1,"iceandfire:silver_nugget":10,"minecraft:coal":146,"minecraft:white_wool":1,"minecraft:cobblestone":54},"minecraft:custom":{"minecraft:mob_kills":23,"minecraft:interact_with_crafting_table":4,"minecraft:open_barrel":3,"minecraft:play_one_minute":86078,"minecraft:leave_game":5,"minecraft:time_since_death":86078,"minecraft:sleep_in_bed":2,"minecraft:climb_one_cm":2473,"minecraft:time_since_rest":11873,"minecraft:waystone_activated":3,"minecraft:sprint_one_cm":113628,"minecraft:damage_taken":1110,"minecraft:walk_one_cm":182699,"minecraft:damage_blocked_by_shield":110,"minecraft:trigger_trapped_chest":1,"minecraft:drop":13,"minecraft:damage_dealt":3812,"minecraft:damage_dealt_absorbed":80,"minecraft:swim_one_cm":1559,"minecraft:talked_to_villager":2,"minecraft:fly_one_cm":1034680,"minecraft:open_chest":29,"minecraft:crouch_one_cm":4543,"minecraft:sneak_time":2937,"minecraft:walk_under_water_one_cm":8361,"minecraft:jump":1021,"minecraft:walk_on_water_one_cm":4020,"minecraft:fall_one_cm":27593}},"DataVersion":2586}