{"stats":{"minecraft:killed":{"alexsmobs:raccoon":2,"minecraft:spider":4,"minecraft:dolphin":2,"minecraft:skeleton":10,"ars_nouveau:summon_wolf":3,"minecraft:pig":3,"minecraft:creeper":6,"minecraft:sheep":1,"minecraft:zombie":25,"iceandfire:ghost":2,"ars_nouveau:wilden_stalker":5,"ars_nouveau:wilden_hunter":2},"minecraft:broken":{"minecraft:leather_helmet":1,"minecraft:stone_pickaxe":2},"minecraft:used":{"minecraft:flint_and_steel":4,"minecraft:chest":18,"minecraft:spruce_planks":233,"minecraft:shield":3,"minecraft:stone_hoe":31,"minecraft:torch":9,"minecraft:dirt":61,"minecraft:spruce_stairs":2,"minecraft:carrot":1,"minecraft:spruce_fence":37,"minecraft:obsidian":19,"minecraft:stone_brick_slab":4,"minecraft:red_wool":27,"minecraft:grass_block":95,"minecraft:lantern":14,"minecraft:iron_axe":98,"minecraft:stone_brick_stairs":14,"minecraft:stone_bricks":168,"minecraft:dolphin_spawn_egg":5,"minecraft:furnace":2,"minecraft:water_bucket":10,"minecraft:spruce_door":4,"minecraft:stone_pickaxe":267,"minecraft:wooden_pickaxe":49,"minecraft:spruce_fence_gate":17,"minecraft:white_wool":7,"elevatorid:elevator_white":4,"minecraft:crafting_table":5,"minecraft:blast_furnace":4,"minecraft:white_bed":2,"minecraft:sponge":3,"minecraft:spruce_log":226,"easy_villagers:villager":2,"minecraft:iron_pickaxe":26,"minecraft:spruce_trapdoor":6,"minecraft:gravel":1,"minecraft:yellow_wool":26,"minecraft:stone_axe":64,"minecraft:diamond_sword":13,"minecraft:cobblestone":40,"minecraft:cooked_porkchop":23,"alexsmobs:animal_dictionary":1},"minecraft:mined":{"minecraft:spruce_planks":7,"minecraft:white_bed":1,"iceandfire:copper_pile":2,"farmersdelight:wild_carrots":1,"blue_skies:moonstone":1,"minecraft:brewing_stand":1,"minecraft:grass_block":2,"minecraft:spruce_fence":5,"iceandfire:lectern":1,"minecraft:spruce_leaves":4,"mysticalagriculture:inferium_ore":20,"minecraft:large_fern":6,"minecraft:hay_block":27,"mekanism:copper_ore":1,"minecraft:furnace":2,"iceandfire:copper_ore":3,"minecraft:iron_ore":23,"iceandfire:gold_pile":3,"minecraft:lantern":1,"iceandfire:podium_spruce":1,"minecraft:stone":54,"tconstruct:copper_ore":39,"minecraft:spruce_door":3,"minecraft:crafting_table":3,"minecraft:blast_furnace":1,"mekanism:tin_ore":8,"minecraft:tall_grass":9,"minecraft:cobblestone":15,"minecraft:diorite":3,"minecraft:spruce_log":12,"minecraft:stone_brick_stairs":5,"minecraft:grass":6,"iceandfire:silver_pile":3,"minecraft:coal_ore":146,"minecraft:gravel":1,"minecraft:spruce_fence_gate":1,"minecraft:stone_bricks":7,"appliedenergistics2:quartz_ore":5,"minecraft:oak_leaves":4,"paraglider:goddess_statue":2},"minecraft:crafted":{"minecraft:spruce_planks":16,"minecraft:stone_axe":1,"minecraft:air":354,"minecraft:stick":16,"minecraft:iron_ingot":15,"minecraft:iron_pickaxe":1},"minecraft:dropped":{"minecraft:porkchop":4,"minecraft:wheat_seeds":2,"minecraft:stick":6,"minecraft:dirt":2,"minecraft:torch":3,"minecraft:mutton":1,"minecraft:wooden_axe":1,"minecraft:paper":6,"minecraft:white_wool":1,"ars_nouveau:wilden_wing":1,"minecraft:bone":1,"minecraft:rotten_flesh":4,"minecraft:diamond_sword":6,"mysticalagriculture:inferium_essence":4,"minecraft:arrow":4,"minecraft:wooden_pickaxe":1},"minecraft:picked_up":{"minecraft:crafting_table":3,"iceandfire:copper_ore":3,"minecraft:diamond_sword":6,"minecraft:stone_brick_stairs":5,"minecraft:brewing_stand":1,"minecraft:shield":1,"paraglider:goddess_statue":2,"minecraft:string":2,"mysticalagriculture:inferium_essence":80,"minecraft:gold_nugget":18,"minecraft:spruce_planks":6,"mekanism:copper_ore":1,"minecraft:furnace":2,"mekanism:tin_ore":8,"potionsmaster:bezoar":1,"minecraft:spruce_fence":5,"minecraft:porkchop":4,"minecraft:carrot":1,"minecraft:arrow":6,"minecraft:rotten_flesh":14,"minecraft:cooked_cod":1,"minecraft:hay_block":27,"minecraft:mutton":1,"minecraft:white_wool":1,"minecraft:cobblestone":69,"ars_nouveau:wilden_wing":1,"minecraft:gunpowder":2,"minecraft:dirt":3,"minecraft:lantern":4,"minecraft:bone":1,"minecraft:stone_bricks":7,"minecraft:wheat_seeds":12,"appliedenergistics2:certus_quartz_crystal":8,"minecraft:iron_ore":23,"iceandfire:copper_nugget":14,"tconstruct:copper_ore":39,"iceandfire:podium_spruce":1,"minecraft:dandelion":5,"minecraft:gravel":1,"minecraft:blast_furnace":1,"minecraft:white_bed":1,"minecraft:spruce_log":12,"minecraft:spruce_door":3,"minecraft:leather_helmet":1,"minecraft:spruce_fence_gate":1,"iceandfire:lectern":1,"alexsmobs:maggot":2,"iceandfire:silver_nugget":10,"minecraft:coal":146},"minecraft:custom":{"minecraft:mob_kills":69,"minecraft:interact_with_crafting_table":14,"minecraft:open_barrel":3,"minecraft:leave_game":5,"minecraft:time_since_death":170078,"minecraft:climb_one_cm":2473,"minecraft:sprint_one_cm":146523,"minecraft:walk_one_cm":412508,"minecraft:damage_blocked_by_shield":110,"minecraft:drop":29,"minecraft:damage_dealt_absorbed":80,"minecraft:talked_to_villager":2,"minecraft:sneak_time":5569,"minecraft:walk_under_water_one_cm":8361,"minecraft:jump":1401,"minecraft:interact_with_blast_furnace":3,"minecraft:walk_on_water_one_cm":4398,"minecraft:interact_with_furnace":14,"minecraft:play_one_minute":170078,"minecraft:sleep_in_bed":2,"minecraft:time_since_rest":95873,"minecraft:waystone_activated":3,"minecraft:damage_taken":1786,"minecraft:trigger_trapped_chest":1,"minecraft:damage_dealt":11623,"minecraft:fly_one_cm":1133841,"minecraft:swim_one_cm":1559,"minecraft:open_chest":50,"minecraft:crouch_one_cm":15526,"minecraft:fall_one_cm":36086}},"DataVersion":2586}