{"stats":{"minecraft:used":{"minecraft:stone_axe":1,"minecraft:dirt":1,"minecraft:crafting_table":1,"minecraft:cooked_porkchop":2,"alexsmobs:animal_dictionary":1,"minecraft:wooden_pickaxe":49,"minecraft:stone_hoe":18},"minecraft:mined":{"minecraft:large_fern":1,"minecraft:hay_block":21,"minecraft:grass_block":2,"minecraft:tall_grass":3,"minecraft:stone":48,"minecraft:spruce_leaves":4,"minecraft:spruce_log":9,"minecraft:crafting_table":1},"minecraft:crafted":{"minecraft:stone_axe":1,"minecraft:spruce_planks":8,"minecraft:stick":8,"minecraft:air":21},"minecraft:dropped":{"minecraft:dirt":2,"minecraft:wooden_pickaxe":1,"minecraft:wooden_axe":1},"minecraft:picked_up":{"minecraft:crafting_table":1,"minecraft:hay_block":21,"minecraft:spruce_log":9,"minecraft:dirt":3,"minecraft:cobblestone":48},"minecraft:custom":{"minecraft:time_since_rest":20640,"minecraft:waystone_activated":1,"minecraft:crouch_one_cm":1348,"minecraft:play_one_minute":20640,"minecraft:sprint_one_cm":11382,"minecraft:damage_taken":140,"minecraft:walk_one_cm":33925,"minecraft:sneak_time":624,"minecraft:drop":4,"minecraft:jump":88,"minecraft:leave_game":3,"minecraft:time_since_death":20640,"minecraft:climb_one_cm":1673,"minecraft:interact_with_crafting_table":3,"minecraft:fall_one_cm":2746,"minecraft:fly_one_cm":11151}},"DataVersion":2586}