{"stats":{"minecraft:killed":{"alexsmobs:raccoon":2,"minecraft:spider":4,"minecraft:dolphin":2,"minecraft:skeleton":10,"ars_nouveau:summon_wolf":3,"minecraft:pig":3,"minecraft:creeper":6,"minecraft:sheep":1,"minecraft:zombie":25,"iceandfire:ghost":2,"ars_nouveau:wilden_stalker":5,"ars_nouveau:wilden_hunter":3},"minecraft:broken":{"minecraft:leather_helmet":1,"minecraft:stone_pickaxe":2},"minecraft:used":{"minecraft:enchanting_table":2,"minecraft:iron_shovel":76,"minecraft:flint_and_steel":4,"minecraft:armor_stand":9,"minecraft:spruce_slab":28,"minecraft:light_blue_terracotta":35,"minecraft:light_gray_carpet":6,"minecraft:black_carpet":20,"minecraft:white_terracotta":48,"minecraft:chest":247,"minecraft:spruce_planks":240,"minecraft:shield":3,"minecraft:ender_chest":1,"minecraft:stone":305,"minecraft:bell":2,"minecraft:quartz_stairs":2,"minecraft:stone_hoe":31,"minecraft:torch":240,"decocraft:candle_holder_1_black_flipbook.00":1,"minecraft:brewing_stand":3,"minecraft:dirt":64,"minecraft:anvil":2,"minecraft:white_carpet":1,"minecraft:spruce_stairs":141,"minecraft:carrot":1,"minecraft:stone_stairs":12,"minecraft:spruce_fence":94,"minecraft:stripped_spruce_log":90,"minecraft:obsidian":19,"minecraft:glass":12,"minecraft:dark_oak_planks":157,"minecraft:stone_brick_slab":58,"decocraft:candle_holder_6_black_flipbook.00":1,"minecraft:sea_lantern":1,"minecraft:bookshelf":48,"minecraft:red_wool":27,"minecraft:grass_block":116,"minecraft:lantern":45,"minecraft:iron_axe":106,"minecraft:dark_oak_slab":16,"minecraft:barrel":84,"minecraft:stone_brick_stairs":118,"minecraft:stone_bricks":307,"minecraft:item_frame":1,"minecraft:dolphin_spawn_egg":5,"minecraft:furnace":23,"minecraft:seagrass":2,"minecraft:dark_oak_stairs":126,"minecraft:water_bucket":49,"minecraft:tube_coral_block":29,"minecraft:spruce_door":4,"minecraft:gray_carpet":21,"minecraft:stone_pickaxe":267,"minecraft:cartography_table":1,"minecraft:wooden_pickaxe":49,"minecraft:cauldron":2,"minecraft:cobblestone_slab":5,"minecraft:stonecutter":6,"minecraft:spruce_fence_gate":26,"minecraft:oak_leaves":54,"minecraft:white_wool":7,"elevatorid:elevator_white":10,"minecraft:dark_oak_trapdoor":7,"minecraft:sand":7,"minecraft:crafting_table":15,"minecraft:blast_furnace":20,"minecraft:white_bed":2,"minecraft:sponge":3,"minecraft:fire_coral":2,"minecraft:painting":51,"minecraft:stone_brick_wall":2,"minecraft:black_bed":3,"minecraft:shears":176,"minecraft:smoker":13,"minecraft:spruce_log":308,"minecraft:flower_pot":12,"easy_villagers:villager":2,"minecraft:black_wool":4,"minecraft:iron_pickaxe":43,"minecraft:stone_slab":33,"minecraft:spruce_trapdoor":110,"decocraft:candle_holder_2_black_flipbook.00":5,"minecraft:gravel":1,"minecraft:yellow_wool":26,"minecraft:stone_axe":64,"minecraft:diamond_sword":13,"minecraft:cobblestone":40,"minecraft:dead_horn_coral_fan":4,"minecraft:grindstone":2,"minecraft:cooked_porkchop":24,"minecraft:smithing_table":2,"minecraft:andesite":76,"minecraft:glass_pane":60,"minecraft:sea_pickle":3,"alexsmobs:animal_dictionary":1,"minecraft:tropical_fish_bucket":8,"minecraft:kelp":3,"minecraft:gray_wool":2},"minecraft:mined":{"minecraft:spruce_planks":7,"minecraft:white_bed":1,"iceandfire:copper_pile":2,"farmersdelight:wild_carrots":1,"blue_skies:moonstone":1,"minecraft:brewing_stand":1,"minecraft:grass_block":2,"minecraft:spruce_fence":6,"iceandfire:lectern":1,"minecraft:spruce_leaves":4,"mysticalagriculture:inferium_ore":20,"minecraft:large_fern":6,"minecraft:hay_block":27,"mekanism:copper_ore":1,"minecraft:furnace":2,"iceandfire:copper_ore":3,"minecraft:barrel":1,"minecraft:iron_ore":23,"iceandfire:gold_pile":3,"minecraft:lantern":1,"iceandfire:podium_spruce":1,"minecraft:stone":55,"tconstruct:copper_ore":39,"minecraft:spruce_door":3,"minecraft:crafting_table":4,"minecraft:blast_furnace":1,"mekanism:tin_ore":8,"minecraft:tall_grass":12,"minecraft:cobblestone":15,"minecraft:diorite":3,"minecraft:spruce_stairs":1,"minecraft:spruce_log":12,"minecraft:stone_brick_stairs":5,"minecraft:grass":6,"iceandfire:silver_pile":3,"minecraft:coal_ore":146,"minecraft:gravel":1,"minecraft:spruce_fence_gate":1,"minecraft:stone_bricks":23,"appliedenergistics2:quartz_ore":5,"minecraft:oak_leaves":181,"paraglider:goddess_statue":2},"minecraft:crafted":{"minecraft:spruce_planks":16,"minecraft:stone_axe":1,"minecraft:air":367,"minecraft:stick":16,"minecraft:iron_ingot":15,"minecraft:iron_pickaxe":1},"minecraft:dropped":{"minecraft:porkchop":4,"minecraft:wheat_seeds":2,"minecraft:stick":6,"minecraft:dirt":2,"minecraft:grass":4,"minecraft:torch":3,"minecraft:mutton":1,"minecraft:wooden_axe":1,"minecraft:paper":6,"minecraft:white_wool":1,"ars_nouveau:wilden_wing":1,"minecraft:bone":1,"minecraft:rotten_flesh":6,"minecraft:diamond_sword":6,"mysticalagriculture:inferium_essence":4,"minecraft:spruce_log":1,"minecraft:arrow":4,"minecraft:wooden_pickaxe":1},"minecraft:picked_up":{"minecraft:crafting_table":4,"iceandfire:copper_ore":3,"minecraft:diamond_sword":6,"minecraft:stone_brick_stairs":5,"minecraft:brewing_stand":1,"minecraft:shield":1,"paraglider:goddess_statue":2,"minecraft:string":2,"mysticalagriculture:inferium_essence":80,"minecraft:gold_nugget":18,"minecraft:spruce_planks":6,"mekanism:copper_ore":1,"minecraft:furnace":2,"mekanism:tin_ore":8,"minecraft:spruce_stairs":1,"potionsmaster:bezoar":1,"minecraft:spruce_fence":6,"minecraft:porkchop":4,"minecraft:carrot":1,"minecraft:arrow":6,"minecraft:rotten_flesh":16,"minecraft:cooked_cod":1,"minecraft:hay_block":27,"minecraft:mutton":1,"minecraft:white_wool":1,"minecraft:cobblestone":70,"ars_nouveau:wilden_wing":1,"minecraft:gunpowder":2,"minecraft:dirt":3,"minecraft:lantern":4,"minecraft:bone":1,"minecraft:stone_bricks":22,"minecraft:wheat_seeds":12,"appliedenergistics2:certus_quartz_crystal":8,"minecraft:iron_ore":23,"iceandfire:copper_nugget":14,"tconstruct:copper_ore":39,"iceandfire:podium_spruce":1,"minecraft:dandelion":5,"minecraft:gravel":1,"minecraft:blast_furnace":1,"minecraft:white_bed":1,"minecraft:spruce_log":13,"minecraft:barrel":1,"minecraft:spruce_door":3,"minecraft:leather_helmet":1,"minecraft:spruce_fence_gate":1,"iceandfire:lectern":1,"minecraft:grass":4,"alexsmobs:maggot":2,"iceandfire:silver_nugget":10,"minecraft:coal":146,"minecraft:oak_leaves":165},"minecraft:custom":{"minecraft:mob_kills":70,"minecraft:interact_with_crafting_table":15,"minecraft:open_barrel":5,"minecraft:fill_cauldron":2,"minecraft:leave_game":5,"minecraft:time_since_death":332078,"minecraft:climb_one_cm":2473,"minecraft:sprint_one_cm":205073,"minecraft:walk_one_cm":805715,"minecraft:damage_blocked_by_shield":110,"minecraft:drop":34,"minecraft:damage_dealt_absorbed":80,"minecraft:talked_to_villager":2,"minecraft:sneak_time":9875,"minecraft:walk_under_water_one_cm":15102,"minecraft:jump":1797,"minecraft:interact_with_blast_furnace":3,"minecraft:walk_on_water_one_cm":5260,"minecraft:interact_with_furnace":14,"minecraft:play_one_minute":332078,"minecraft:pot_flower":10,"minecraft:sleep_in_bed":3,"minecraft:time_since_rest":101040,"minecraft:waystone_activated":3,"minecraft:open_enderchest":1,"minecraft:damage_taken":1806,"minecraft:trigger_trapped_chest":1,"minecraft:damage_dealt":11862,"minecraft:fly_one_cm":1446105,"minecraft:swim_one_cm":2507,"minecraft:open_chest":72,"minecraft:crouch_one_cm":21679,"minecraft:fall_one_cm":38095}},"DataVersion":2586}