{"stats":{"minecraft:custom":{"minecraft:time_since_rest":19111,"minecraft:crouch_one_cm":2206,"minecraft:play_one_minute":46481,"minecraft:sprint_one_cm":15087,"minecraft:walk_one_cm":43520,"minecraft:damage_taken":590,"minecraft:deaths":2,"minecraft:sneak_time":2437,"minecraft:jump":293,"minecraft:damage_dealt":247,"minecraft:leave_game":2,"minecraft:walk_on_water_one_cm":9178,"minecraft:time_since_death":19070,"minecraft:fall_one_cm":10713,"minecraft:fly_one_cm":31583},"minecraft:used":{"minecraft:torch":2,"minecraft:wooden_axe":3,"minecraft:dirt":6,"alexsmobs:animal_dictionary":1,"minecraft:wooden_pickaxe":4,"minecraft:air":1,"blue_skies:moonstone":1},"minecraft:killed_by":{"minecraft:skeleton":1},"minecraft:mined":{"minecraft:dirt":7,"minecraft:stone":2,"blue_skies:moonstone":1},"minecraft:picked_up":{"minecraft:wooden_axe":1,"minecraft:cooked_porkchop":10,"minecraft:torch":8,"minecraft:wooden_pickaxe":1,"ars_nouveau:worn_notebook":1,"blue_skies:moonstone":3,"evilcraft:flesh_humanoid":1,"minecraft:poppy":1,"minecraft:dirt":6,"minecraft:cobblestone":1}},"DataVersion":2586}