{"stats":{"minecraft:custom":{"minecraft:time_since_rest":42072,"minecraft:sprint_one_cm":21694,"minecraft:damage_taken":590,"minecraft:walk_one_cm":55330,"minecraft:drop":1,"minecraft:damage_dealt":247,"minecraft:interact_with_crafting_table":1,"minecraft:fly_one_cm":39517,"minecraft:play_one_minute":69442,"minecraft:crouch_one_cm":2264,"minecraft:deaths":2,"minecraft:sneak_time":2442,"minecraft:jump":372,"minecraft:leave_game":2,"minecraft:walk_on_water_one_cm":9178,"minecraft:time_since_death":42031,"minecraft:fall_one_cm":12292},"minecraft:crafted":{"minecraft:oak_planks":8,"minecraft:crafting_table":1,"minecraft:stick":8,"minecraft:stone_pickaxe":1,"minecraft:stone_axe":2},"minecraft:dropped":{"minecraft:stone_axe":1},"minecraft:used":{"minecraft:oak_log":13,"minecraft:wooden_axe":9,"minecraft:wooden_pickaxe":12,"minecraft:stone_axe":2,"minecraft:torch":2,"minecraft:dirt":11,"minecraft:crafting_table":1,"alexsmobs:animal_dictionary":1,"minecraft:air":1,"minecraft:spruce_log":22,"blue_skies:moonstone":1},"minecraft:killed_by":{"minecraft:skeleton":1},"minecraft:mined":{"minecraft:spruce_log":22,"blue_skies:moonstone":1,"minecraft:crafting_table":1,"minecraft:grass_block":2,"minecraft:oak_log":13,"minecraft:dirt":15,"minecraft:stone":10,"minecraft:oak_leaves":1},"minecraft:picked_up":{"minecraft:wooden_axe":1,"minecraft:stick":3,"minecraft:crafting_table":1,"minecraft:cooked_porkchop":10,"minecraft:torch":8,"minecraft:wooden_pickaxe":1,"blue_skies:moonstone":3,"evilcraft:flesh_humanoid":1,"minecraft:oak_log":13,"minecraft:spruce_sapling":7,"minecraft:spruce_log":18,"minecraft:dirt":15,"minecraft:stone_axe":1,"ars_nouveau:worn_notebook":1,"minecraft:poppy":1,"minecraft:oak_sapling":6,"minecraft:cobblestone":9}},"DataVersion":2586}