{"stats":{"minecraft:custom":{"minecraft:jump":99,"minecraft:time_since_rest":11201,"minecraft:leave_game":1,"minecraft:crouch_one_cm":361,"minecraft:damage_dealt":34,"minecraft:play_one_minute":11201,"minecraft:walk_on_water_one_cm":6458,"minecraft:sprint_one_cm":4582,"minecraft:damage_taken":200,"minecraft:time_since_death":11201,"minecraft:walk_one_cm":19117,"minecraft:sneak_time":597,"minecraft:fall_one_cm":2264,"minecraft:fly_one_cm":4434},"minecraft:used":{"alexsmobs:animal_dictionary":1},"minecraft:picked_up":{"minecraft:wooden_pickaxe":1,"ars_nouveau:worn_notebook":1,"minecraft:cobblestone":1,"minecraft:wooden_axe":1}},"DataVersion":2586}