{"stats":{"minecraft:custom":{"minecraft:time_since_rest":30072,"minecraft:crouch_one_cm":2206,"minecraft:play_one_minute":57442,"minecraft:sprint_one_cm":18152,"minecraft:damage_taken":590,"minecraft:deaths":2,"minecraft:walk_one_cm":48796,"minecraft:sneak_time":2437,"minecraft:jump":329,"minecraft:damage_dealt":247,"minecraft:leave_game":2,"minecraft:time_since_death":30031,"minecraft:walk_on_water_one_cm":9178,"minecraft:fall_one_cm":10922,"minecraft:fly_one_cm":34562},"minecraft:used":{"minecraft:oak_log":13,"minecraft:wooden_axe":9,"minecraft:torch":2,"minecraft:dirt":8,"alexsmobs:animal_dictionary":1,"minecraft:wooden_pickaxe":4,"minecraft:air":1,"minecraft:spruce_log":15,"blue_skies:moonstone":1},"minecraft:killed_by":{"minecraft:skeleton":1},"minecraft:mined":{"minecraft:grass_block":1,"minecraft:oak_log":13,"minecraft:dirt":10,"minecraft:spruce_log":15,"minecraft:stone":2,"blue_skies:moonstone":1,"minecraft:oak_leaves":1},"minecraft:picked_up":{"minecraft:wooden_axe":1,"minecraft:stick":3,"minecraft:cooked_porkchop":10,"minecraft:torch":8,"minecraft:wooden_pickaxe":1,"ars_nouveau:worn_notebook":1,"blue_skies:moonstone":3,"minecraft:oak_log":13,"minecraft:spruce_sapling":6,"evilcraft:flesh_humanoid":1,"minecraft:poppy":1,"minecraft:spruce_log":13,"minecraft:oak_sapling":6,"minecraft:dirt":9,"minecraft:cobblestone":1}},"DataVersion":2586}