{"stats":{"minecraft:custom":{"minecraft:time_since_rest":59118,"minecraft:interact_with_furnace":1,"minecraft:sprint_one_cm":32454,"minecraft:damage_taken":650,"minecraft:walk_one_cm":84853,"minecraft:drop":1,"minecraft:damage_dealt":247,"minecraft:talked_to_villager":1,"minecraft:interact_with_crafting_table":1,"minecraft:fly_one_cm":51962,"minecraft:play_one_minute":86488,"minecraft:crouch_one_cm":2264,"minecraft:deaths":2,"minecraft:sneak_time":2442,"minecraft:jump":530,"minecraft:leave_game":3,"minecraft:walk_on_water_one_cm":9178,"minecraft:time_since_death":59077,"minecraft:fall_one_cm":17295},"minecraft:crafted":{"minecraft:oak_planks":8,"minecraft:crafting_table":1,"minecraft:stick":8,"minecraft:stone_pickaxe":1,"minecraft:stone_axe":2},"minecraft:dropped":{"minecraft:stone_axe":1},"minecraft:used":{"minecraft:oak_log":17,"minecraft:wooden_axe":9,"minecraft:stone_pickaxe":42,"minecraft:wooden_pickaxe":12,"minecraft:stone_axe":12,"minecraft:torch":2,"minecraft:dirt":18,"minecraft:crafting_table":1,"alexsmobs:animal_dictionary":1,"minecraft:air":1,"minecraft:spruce_log":56,"blue_skies:moonstone":1},"minecraft:killed_by":{"minecraft:skeleton":1},"minecraft:mined":{"iceandfire:copper_ore":4,"minecraft:spruce_log":56,"blue_skies:moonstone":1,"minecraft:crafting_table":1,"minecraft:grass":4,"minecraft:coal_ore":28,"minecraft:grass_block":2,"minecraft:oak_log":17,"minecraft:dirt":22,"minecraft:spruce_leaves":4,"minecraft:stone":10,"minecraft:oak_leaves":1,"tconstruct:copper_ore":10},"minecraft:picked_up":{"minecraft:wooden_axe":1,"minecraft:stick":14,"minecraft:crafting_table":1,"tconstruct:copper_ore":9,"minecraft:cooked_porkchop":10,"iceandfire:copper_ore":4,"minecraft:torch":8,"minecraft:wooden_pickaxe":1,"blue_skies:moonstone":3,"evilcraft:flesh_humanoid":1,"minecraft:oak_log":17,"minecraft:spruce_sapling":19,"minecraft:spruce_log":49,"minecraft:dirt":22,"minecraft:apple":1,"minecraft:stone_axe":1,"ars_nouveau:worn_notebook":1,"minecraft:poppy":1,"minecraft:oak_sapling":8,"minecraft:coal":27,"minecraft:cobblestone":9}},"DataVersion":2586}