{"stats":{"minecraft:killed":{"minecraft:pig":3,"alexsmobs:raccoon":1,"minecraft:spider":3,"minecraft:iron_golem":1,"minecraft:creeper":1,"minecraft:sheep":4,"minecraft:skeleton":2,"minecraft:zombie":23,"ars_nouveau:wilden_stalker":5,"minecraft:chicken":3,"ars_nouveau:summon_wolf":2,"ars_nouveau:wilden_hunter":1,"minecraft:cow":1},"minecraft:broken":{"minecraft:stone_axe":2},"minecraft:mined":{"ars_nouveau:mana_berry_bush":3,"forbidden_arcanus:cherrywood_planks":34,"forbidden_arcanus:cherrywood_fence":5,"minecraft:spruce_door":1,"minecraft:crafting_table":4,"minecraft:spruce_trapdoor":2,"minecraft:granite":1,"minecraft:grass_block":55,"forbidden_arcanus:stripped_cherrywood_log":1,"minecraft:tall_grass":15,"minecraft:spruce_leaves":2,"forbidden_arcanus:cherrywood_log":18,"minecraft:oak_planks":9,"mysticalagriculture:inferium_ore":3,"minecraft:wall_torch":1,"botania:black_mystical_flower":1,"minecraft:hay_block":28,"minecraft:spruce_stairs":7,"minecraft:carrots":1,"minecraft:furnace":1,"minecraft:iron_ore":14,"minecraft:spruce_log":18,"minecraft:stripped_spruce_log":6,"minecraft:grass":18,"minecraft:coal_ore":21,"minecraft:oak_log":6,"minecraft:dirt":75,"minecraft:stone":27,"minecraft:white_wool":5,"minecraft:spruce_slab":45,"paraglider:goddess_statue":1},"minecraft:used":{"forbidden_arcanus:cherrywood_fence":5,"minecraft:cooked_mutton":9,"minecraft:spruce_door":1,"minecraft:spruce_slab":51,"minecraft:stone_shovel":127,"minecraft:stone_pickaxe":49,"minecraft:oak_planks":9,"ars_nouveau:mana_berry":26,"minecraft:chest":4,"minecraft:wooden_pickaxe":19,"forbidden_arcanus:cherry_peach":1,"minecraft:rotten_flesh":9,"minecraft:white_wool":5,"minecraft:torch":3,"minecraft:dirt":9,"minecraft:crafting_table":7,"minecraft:spruce_stairs":7,"minecraft:granite":1,"minecraft:spruce_log":24,"minecraft:spruce_boat":1,"minecraft:iron_axe":104,"minecraft:bread":2,"minecraft:iron_pickaxe":4,"minecraft:spruce_trapdoor":2,"minecraft:stone_axe":154,"minecraft:furnace":1,"minecraft:cooked_porkchop":4,"minecraft:egg":1,"forbidden_arcanus:cherrywood_log":17,"forbidden_arcanus:cherrywood_planks":34},"minecraft:crafted":{"minecraft:oak_planks":4,"forbidden_arcanus:cherrywood_planks":8,"minecraft:cooked_porkchop":4,"minecraft:crafting_table":1,"minecraft:cooked_mutton":9,"minecraft:air":430,"minecraft:spruce_slab":18,"minecraft:stick":12,"minecraft:iron_ingot":3,"minecraft:wheat":18},"minecraft:dropped":{"forbidden_arcanus:cherrywood_sapling":6,"minecraft:oak_planks":6,"mysticalagriculture:inferium_essence":1,"minecraft:arrow":1,"minecraft:wooden_pickaxe":2,"minecraft:white_wool":4,"ars_nouveau:wilden_wing":1},"minecraft:picked_up":{"minecraft:crafting_table":4,"minecraft:feather":4,"forbidden_arcanus:cherrywood_log":17,"minecraft:chicken":3,"minecraft:leather":2,"minecraft:brown_wool":1,"minecraft:wooden_pickaxe":1,"ars_nouveau:wilden_wing":3,"forbidden_arcanus:stripped_cherrywood_log":1,"minecraft:oak_log":6,"paraglider:goddess_statue":1,"forbidden_arcanus:cherrywood_fence":5,"minecraft:string":1,"minecraft:dirt":128,"botania:black_mystical_flower":1,"minecraft:bone":2,"minecraft:wheat_seeds":3,"mysticalagriculture:inferium_essence":18,"minecraft:iron_ingot":17,"minecraft:iron_ore":14,"minecraft:poppy":1,"minecraft:spruce_slab":51,"minecraft:spruce_trapdoor":2,"minecraft:oak_planks":15,"minecraft:egg":1,"minecraft:furnace":1,"minecraft:stick":9,"botania:yellow_mystical_flower":1,"minecraft:dandelion":1,"minecraft:torch":1,"potionsmaster:bezoar":1,"minecraft:spruce_stairs":7,"forbidden_arcanus:cherrywood_planks":34,"minecraft:porkchop":8,"minecraft:carrot":2,"minecraft:stripped_spruce_log":6,"minecraft:spruce_sapling":1,"minecraft:spruce_log":18,"minecraft:spruce_door":1,"ars_nouveau:wilden_horn":1,"minecraft:arrow":1,"minecraft:rotten_flesh":22,"minecraft:spruce_boat":1,"ars_nouveau:worn_notebook":1,"minecraft:hay_block":28,"minecraft:granite":1,"forbidden_arcanus:cherrywood_sapling":6,"forbidden_arcanus:cherry_peach":1,"minecraft:mutton":9,"minecraft:coal":35,"minecraft:white_wool":13,"minecraft:cobblestone":27,"ars_nouveau:mana_berry":32},"minecraft:custom":{"minecraft:interact_with_furnace":14,"minecraft:mob_kills":50,"minecraft:interact_with_crafting_table":23,"minecraft:play_one_minute":58921,"minecraft:leave_game":2,"minecraft:time_since_death":58921,"minecraft:sleep_in_bed":1,"minecraft:time_since_rest":12415,"minecraft:waystone_activated":1,"minecraft:sprint_one_cm":181701,"minecraft:damage_taken":1208,"minecraft:walk_one_cm":119049,"minecraft:drop":9,"minecraft:damage_dealt":9125,"minecraft:swim_one_cm":944,"minecraft:fly_one_cm":306797,"minecraft:open_chest":14,"minecraft:crouch_one_cm":9317,"minecraft:sneak_time":2750,"minecraft:walk_under_water_one_cm":55,"minecraft:jump":1413,"minecraft:walk_on_water_one_cm":799,"minecraft:fall_one_cm":42929}},"DataVersion":2586}