{"stats":{"minecraft:killed":{"minecraft:pig":3,"minecraft:spider":3,"minecraft:iron_golem":1,"minecraft:creeper":1,"minecraft:sheep":4,"minecraft:skeleton":2,"minecraft:zombie":23,"ars_nouveau:wilden_stalker":5,"minecraft:chicken":3,"ars_nouveau:summon_wolf":2,"ars_nouveau:wilden_hunter":1,"minecraft:cow":1},"minecraft:broken":{"minecraft:stone_axe":2},"minecraft:mined":{"ars_nouveau:mana_berry_bush":3,"forbidden_arcanus:cherrywood_planks":34,"forbidden_arcanus:cherrywood_fence":5,"minecraft:spruce_door":1,"minecraft:crafting_table":4,"minecraft:spruce_trapdoor":2,"minecraft:granite":1,"minecraft:grass_block":54,"forbidden_arcanus:stripped_cherrywood_log":1,"minecraft:tall_grass":12,"forbidden_arcanus:cherrywood_log":18,"minecraft:oak_planks":9,"minecraft:wall_torch":1,"botania:black_mystical_flower":1,"minecraft:spruce_stairs":7,"minecraft:carrots":1,"minecraft:furnace":1,"minecraft:iron_ore":14,"minecraft:spruce_log":18,"minecraft:stripped_spruce_log":6,"minecraft:grass":16,"minecraft:coal_ore":21,"minecraft:oak_log":5,"minecraft:dirt":75,"minecraft:stone":27,"minecraft:white_wool":5,"minecraft:spruce_slab":45},"minecraft:used":{"forbidden_arcanus:cherrywood_fence":5,"minecraft:cooked_mutton":9,"minecraft:spruce_door":1,"minecraft:spruce_slab":51,"minecraft:stone_shovel":126,"minecraft:stone_pickaxe":49,"minecraft:oak_planks":9,"ars_nouveau:mana_berry":13,"minecraft:chest":2,"minecraft:wooden_pickaxe":19,"forbidden_arcanus:cherry_peach":1,"minecraft:rotten_flesh":9,"minecraft:white_wool":5,"minecraft:torch":3,"minecraft:dirt":9,"minecraft:crafting_table":5,"minecraft:spruce_stairs":7,"minecraft:granite":1,"minecraft:spruce_log":24,"minecraft:iron_axe":102,"minecraft:spruce_trapdoor":2,"minecraft:stone_axe":154,"minecraft:furnace":1,"minecraft:cooked_porkchop":4,"minecraft:egg":1,"forbidden_arcanus:cherrywood_log":17,"forbidden_arcanus:cherrywood_planks":34},"minecraft:crafted":{"forbidden_arcanus:cherrywood_planks":8,"minecraft:cooked_porkchop":4,"minecraft:cooked_mutton":9,"minecraft:air":173,"minecraft:spruce_slab":18,"minecraft:stick":12,"minecraft:iron_ingot":3},"minecraft:dropped":{"forbidden_arcanus:cherrywood_sapling":6,"minecraft:oak_planks":5,"minecraft:arrow":1,"minecraft:wooden_pickaxe":2,"minecraft:white_wool":4,"ars_nouveau:wilden_wing":1},"minecraft:picked_up":{"minecraft:crafting_table":4,"minecraft:feather":4,"forbidden_arcanus:cherrywood_log":17,"minecraft:chicken":3,"minecraft:leather":2,"minecraft:brown_wool":1,"minecraft:wooden_pickaxe":1,"ars_nouveau:wilden_wing":3,"forbidden_arcanus:stripped_cherrywood_log":1,"minecraft:oak_log":5,"forbidden_arcanus:cherrywood_fence":5,"minecraft:string":1,"minecraft:dirt":127,"botania:black_mystical_flower":1,"minecraft:bone":2,"minecraft:wheat_seeds":3,"mysticalagriculture:inferium_essence":9,"minecraft:iron_ingot":17,"minecraft:iron_ore":14,"minecraft:poppy":1,"minecraft:spruce_slab":51,"minecraft:spruce_trapdoor":2,"minecraft:oak_planks":14,"minecraft:egg":1,"minecraft:furnace":1,"minecraft:stick":9,"botania:yellow_mystical_flower":1,"minecraft:dandelion":1,"minecraft:torch":1,"potionsmaster:bezoar":1,"minecraft:spruce_stairs":7,"forbidden_arcanus:cherrywood_planks":34,"minecraft:porkchop":8,"minecraft:carrot":2,"minecraft:stripped_spruce_log":6,"minecraft:spruce_sapling":1,"minecraft:spruce_log":18,"minecraft:spruce_door":1,"ars_nouveau:wilden_horn":1,"minecraft:arrow":1,"minecraft:rotten_flesh":22,"ars_nouveau:worn_notebook":1,"minecraft:granite":1,"forbidden_arcanus:cherrywood_sapling":6,"forbidden_arcanus:cherry_peach":1,"minecraft:mutton":9,"minecraft:coal":35,"minecraft:white_wool":13,"minecraft:cobblestone":27,"ars_nouveau:mana_berry":17},"minecraft:custom":{"minecraft:interact_with_furnace":14,"minecraft:mob_kills":49,"minecraft:interact_with_crafting_table":20,"minecraft:play_one_minute":50198,"minecraft:leave_game":1,"minecraft:time_since_death":50198,"minecraft:sleep_in_bed":1,"minecraft:time_since_rest":3692,"minecraft:waystone_activated":1,"minecraft:sprint_one_cm":148867,"minecraft:damage_taken":1188,"minecraft:walk_one_cm":104563,"minecraft:drop":7,"minecraft:damage_dealt":9035,"minecraft:swim_one_cm":944,"minecraft:fly_one_cm":244317,"minecraft:open_chest":10,"minecraft:crouch_one_cm":7229,"minecraft:sneak_time":2297,"minecraft:walk_under_water_one_cm":55,"minecraft:jump":1152,"minecraft:walk_on_water_one_cm":799,"minecraft:fall_one_cm":35138}},"DataVersion":2586}