{"stats":{"minecraft:broken":{"minecraft:stone_axe":1},"minecraft:picked_up":{"minecraft:crafting_table":3,"minecraft:feather":4,"minecraft:chicken":3,"minecraft:leather":2,"minecraft:brown_wool":1,"potionsmaster:bezoar":1,"minecraft:torch":1,"minecraft:wooden_pickaxe":1,"minecraft:porkchop":8,"minecraft:oak_log":5,"minecraft:string":1,"minecraft:bone":2,"minecraft:rotten_flesh":14,"mysticalagriculture:inferium_essence":7,"minecraft:wheat_seeds":1,"ars_nouveau:worn_notebook":1,"minecraft:granite":1,"minecraft:iron_ingot":2,"minecraft:iron_ore":14,"minecraft:mutton":9,"minecraft:coal":21,"minecraft:white_wool":4,"minecraft:cobblestone":27,"minecraft:egg":1},"minecraft:dropped":{"minecraft:wooden_pickaxe":2},"minecraft:killed":{"minecraft:sheep":4,"minecraft:skeleton":1,"minecraft:zombie":17,"minecraft:pig":3,"ars_nouveau:wilden_stalker":1,"minecraft:chicken":3,"minecraft:spider":2,"minecraft:cow":1},"minecraft:used":{"minecraft:cooked_mutton":4,"minecraft:stone_pickaxe":48,"minecraft:wooden_pickaxe":19,"minecraft:rotten_flesh":9,"minecraft:stone_axe":76,"minecraft:torch":3,"minecraft:crafting_table":4,"minecraft:furnace":1,"minecraft:egg":1,"minecraft:granite":1},"minecraft:mined":{"minecraft:iron_ore":14,"minecraft:crafting_table":3,"minecraft:granite":1,"minecraft:grass":9,"minecraft:oak_log":5,"minecraft:coal_ore":21,"minecraft:tall_grass":3,"minecraft:stone":27,"minecraft:wall_torch":1},"minecraft:custom":{"minecraft:time_since_rest":15403,"minecraft:interact_with_furnace":14,"minecraft:sprint_one_cm":57326,"minecraft:damage_taken":355,"minecraft:walk_one_cm":28321,"minecraft:mob_kills":32,"minecraft:drop":2,"minecraft:damage_dealt":5050,"minecraft:interact_with_crafting_table":6,"minecraft:fly_one_cm":78174,"minecraft:crouch_one_cm":3245,"minecraft:play_one_minute":15403,"minecraft:sneak_time":884,"minecraft:jump":421,"minecraft:leave_game":1,"minecraft:walk_on_water_one_cm":657,"minecraft:time_since_death":15403,"minecraft:fall_one_cm":12004},"minecraft:crafted":{"minecraft:cooked_porkchop":4,"minecraft:stick":4,"minecraft:iron_ingot":3,"minecraft:cooked_mutton":9,"minecraft:air":52}},"DataVersion":2586}