{"stats":{"minecraft:killed":{"minecraft:pig":3,"minecraft:spider":3,"minecraft:sheep":4,"minecraft:skeleton":2,"minecraft:zombie":22,"ars_nouveau:wilden_stalker":4,"minecraft:chicken":3,"ars_nouveau:summon_wolf":2,"ars_nouveau:wilden_hunter":1,"minecraft:cow":1},"minecraft:broken":{"minecraft:stone_axe":1},"minecraft:mined":{"ars_nouveau:mana_berry_bush":2,"minecraft:crafting_table":4,"minecraft:granite":1,"minecraft:grass_block":1,"forbidden_arcanus:stripped_cherrywood_log":1,"minecraft:tall_grass":4,"forbidden_arcanus:cherrywood_log":18,"minecraft:oak_planks":2,"minecraft:wall_torch":1,"botania:black_mystical_flower":1,"minecraft:furnace":1,"minecraft:iron_ore":14,"minecraft:spruce_log":10,"minecraft:grass":14,"minecraft:coal_ore":21,"minecraft:oak_log":5,"minecraft:stone":27},"minecraft:used":{"minecraft:cooked_mutton":7,"minecraft:stone_pickaxe":49,"minecraft:oak_planks":2,"minecraft:wooden_pickaxe":19,"forbidden_arcanus:cherry_peach":1,"minecraft:rotten_flesh":9,"minecraft:torch":3,"minecraft:dirt":1,"minecraft:crafting_table":4,"minecraft:granite":1,"minecraft:spruce_log":10,"minecraft:stone_axe":119,"minecraft:furnace":1,"minecraft:cooked_porkchop":4,"minecraft:egg":1,"forbidden_arcanus:cherrywood_log":17},"minecraft:crafted":{"minecraft:cooked_porkchop":4,"minecraft:cooked_mutton":9,"minecraft:air":52,"minecraft:stick":4,"minecraft:iron_ingot":3},"minecraft:dropped":{"forbidden_arcanus:cherrywood_sapling":6,"minecraft:arrow":1,"minecraft:wooden_pickaxe":2,"ars_nouveau:wilden_wing":1},"minecraft:picked_up":{"minecraft:crafting_table":4,"minecraft:feather":4,"forbidden_arcanus:cherrywood_log":17,"minecraft:chicken":3,"minecraft:leather":2,"minecraft:brown_wool":1,"minecraft:wooden_pickaxe":1,"ars_nouveau:wilden_wing":2,"forbidden_arcanus:stripped_cherrywood_log":1,"minecraft:oak_log":5,"minecraft:string":1,"minecraft:dirt":1,"botania:black_mystical_flower":1,"minecraft:bone":2,"minecraft:wheat_seeds":2,"mysticalagriculture:inferium_essence":9,"minecraft:iron_ingot":13,"minecraft:iron_ore":14,"minecraft:oak_planks":2,"minecraft:egg":1,"minecraft:furnace":1,"minecraft:stick":7,"minecraft:torch":1,"potionsmaster:bezoar":1,"minecraft:porkchop":8,"minecraft:spruce_log":10,"ars_nouveau:wilden_horn":1,"minecraft:arrow":1,"minecraft:rotten_flesh":21,"ars_nouveau:worn_notebook":1,"minecraft:granite":1,"forbidden_arcanus:cherrywood_sapling":6,"forbidden_arcanus:cherry_peach":1,"minecraft:mutton":9,"minecraft:coal":35,"minecraft:white_wool":4,"minecraft:cobblestone":27,"ars_nouveau:mana_berry":5},"minecraft:custom":{"minecraft:interact_with_furnace":14,"minecraft:mob_kills":45,"minecraft:interact_with_crafting_table":6,"minecraft:play_one_minute":26198,"minecraft:leave_game":1,"minecraft:time_since_death":26198,"minecraft:time_since_rest":26198,"minecraft:waystone_activated":1,"minecraft:sprint_one_cm":91688,"minecraft:damage_taken":962,"minecraft:walk_one_cm":42312,"minecraft:drop":5,"minecraft:damage_dealt":7270,"minecraft:swim_one_cm":944,"minecraft:fly_one_cm":172125,"minecraft:crouch_one_cm":3682,"minecraft:sneak_time":1203,"minecraft:walk_under_water_one_cm":55,"minecraft:jump":794,"minecraft:walk_on_water_one_cm":799,"minecraft:fall_one_cm":24451}},"DataVersion":2586}