{"stats":{"minecraft:custom":{"minecraft:interact_with_furnace":13,"minecraft:mob_kills":39,"minecraft:interact_with_crafting_table":8,"minecraft:play_one_minute":72158,"minecraft:time_since_death":27047,"minecraft:climb_one_cm":475,"minecraft:time_since_rest":27071,"minecraft:sprint_one_cm":124447,"minecraft:damage_taken":1065,"minecraft:walk_one_cm":61572,"minecraft:damage_blocked_by_shield":240,"minecraft:drop":5,"minecraft:damage_dealt":5733,"minecraft:swim_one_cm":6124,"minecraft:fly_one_cm":208881,"minecraft:open_chest":34,"minecraft:crouch_one_cm":11136,"minecraft:deaths":1,"minecraft:sneak_time":3437,"minecraft:walk_under_water_one_cm":2589,"minecraft:jump":1134,"minecraft:walk_on_water_one_cm":9145,"minecraft:fall_one_cm":29156},"minecraft:dropped":{"minecraft:rotten_flesh":1,"minecraft:stick":2,"minecraft:wooden_axe":1,"botania:green_mystical_flower":1,"minecraft:wooden_pickaxe":1},"minecraft:crafted":{"minecraft:cooked_porkchop":2,"minecraft:wooden_pickaxe":1,"minecraft:cooked_salmon":1,"minecraft:cooked_mutton":8,"minecraft:air":86,"minecraft:stick":4,"minecraft:stone_pickaxe":1,"minecraft:wooden_axe":1},"minecraft:used":{"minecraft:cooked_mutton":8,"minecraft:stone_pickaxe":137,"minecraft:shield":6,"minecraft:chest":4,"minecraft:wooden_pickaxe":15,"potionsmaster:bezoar":4,"minecraft:cooked_salmon":1,"minecraft:torch":7,"minecraft:dirt":6,"minecraft:crafting_table":4,"minecraft:white_bed":1,"minecraft:spruce_log":25,"minecraft:oak_log":19,"minecraft:wooden_axe":11,"minecraft:iron_axe":24,"minecraft:iron_pickaxe":158,"minecraft:stone_axe":62,"minecraft:cobblestone":18,"minecraft:porkchop":3,"minecraft:furnace":1,"minecraft:cooked_porkchop":2},"minecraft:broken":{"minecraft:stone_pickaxe":1,"minecraft:stone_axe":1},"minecraft:killed_by":{"minecraft:zombie":1},"minecraft:killed":{"minecraft:pig":4,"minecraft:salmon":1,"minecraft:squid":5,"ars_nouveau:wilden_guardian":1,"minecraft:sheep":6,"minecraft:skeleton":6,"minecraft:zombie":6,"ars_nouveau:wilden_stalker":2,"minecraft:chicken":2,"minecraft:llama":1,"ars_nouveau:summon_wolf":2,"ars_nouveau:wilden_hunter":1,"minecraft:cow":2},"minecraft:picked_up":{"minecraft:crafting_table":3,"minecraft:feather":2,"minecraft:chicken":2,"iceandfire:copper_ore":5,"minecraft:andesite":3,"minecraft:salmon":1,"minecraft:leather":3,"ars_nouveau:wilden_wing":1,"paraglider:spirit_orb":8,"minecraft:oak_log":27,"minecraft:dirt":17,"botania:black_mystical_flower":3,"minecraft:bone":8,"minecraft:bow":1,"mysticalagriculture:inferium_essence":47,"appliedenergistics2:certus_quartz_crystal":16,"minecraft:beef":5,"minecraft:poppy":1,"minecraft:chest":2,"minecraft:stick":19,"tconstruct:copper_ore":85,"forbidden_arcanus:tentacle":1,"minecraft:torch":7,"potionsmaster:bezoar":4,"appliedenergistics2:charged_certus_quartz_crystal":2,"minecraft:porkchop":8,"minecraft:spruce_sapling":19,"minecraft:ink_sac":10,"minecraft:spruce_log":22,"ars_nouveau:wilden_horn":1,"minecraft:arrow":7,"minecraft:rotten_flesh":5,"evilcraft:dark_gem":8,"minecraft:lodestone":1,"minecraft:oak_sapling":6,"botania:brown_mystical_flower":4,"botania:green_mystical_flower":2,"minecraft:mutton":9,"forbidden_arcanus:spawner_scrap":2,"minecraft:coal":147,"minecraft:white_wool":6,"minecraft:cobblestone":40},"minecraft:mined":{"tconstruct:copper_ore":85,"botania:green_mystical_flower":1,"minecraft:crafting_table":3,"minecraft:torch":1,"appliedenergistics2:charged_quartz_ore":1,"minecraft:grass_block":3,"minecraft:chest":2,"minecraft:tall_grass":1,"minecraft:cobblestone":4,"minecraft:spruce_leaves":11,"botania:black_mystical_flower":3,"mysticalagriculture:inferium_ore":13,"minecraft:wall_torch":6,"minecraft:spawner":2,"minecraft:tall_seagrass":1,"iceandfire:copper_ore":5,"minecraft:spruce_log":26,"evilcraft:dark_ore":2,"minecraft:grass":6,"minecraft:oak_log":27,"minecraft:coal_ore":147,"minecraft:vine":2,"minecraft:dirt":1,"minecraft:lodestone":1,"botania:brown_mystical_flower":4,"minecraft:stone":33,"appliedenergistics2:quartz_ore":9}},"DataVersion":2586}