{"stats":{"minecraft:custom":{"minecraft:interact_with_furnace":13,"minecraft:mob_kills":28,"minecraft:interact_with_crafting_table":7,"minecraft:play_one_minute":36158,"minecraft:time_since_death":36158,"minecraft:climb_one_cm":475,"minecraft:time_since_rest":36158,"minecraft:sprint_one_cm":74458,"minecraft:damage_taken":765,"minecraft:walk_one_cm":43186,"minecraft:damage_blocked_by_shield":160,"minecraft:drop":3,"minecraft:damage_dealt":4220,"minecraft:swim_one_cm":4783,"minecraft:fly_one_cm":98224,"minecraft:open_chest":26,"minecraft:crouch_one_cm":7471,"minecraft:sneak_time":2383,"minecraft:walk_under_water_one_cm":2525,"minecraft:jump":622,"minecraft:walk_on_water_one_cm":7339,"minecraft:fall_one_cm":15286},"minecraft:dropped":{"minecraft:rotten_flesh":1,"minecraft:stick":2,"botania:green_mystical_flower":1},"minecraft:crafted":{"minecraft:cooked_porkchop":2,"minecraft:wooden_pickaxe":1,"minecraft:cooked_salmon":1,"minecraft:cooked_mutton":8,"minecraft:air":68,"minecraft:stick":4,"minecraft:stone_pickaxe":1,"minecraft:wooden_axe":1},"minecraft:used":{"minecraft:cooked_mutton":7,"minecraft:stone_pickaxe":137,"minecraft:shield":4,"minecraft:chest":2,"minecraft:wooden_pickaxe":14,"potionsmaster:bezoar":3,"minecraft:cooked_salmon":1,"minecraft:torch":7,"minecraft:dirt":2,"minecraft:crafting_table":4,"minecraft:white_bed":1,"minecraft:spruce_log":13,"minecraft:oak_log":14,"minecraft:wooden_axe":11,"minecraft:iron_pickaxe":109,"minecraft:stone_axe":60,"minecraft:cobblestone":17,"minecraft:furnace":1,"minecraft:cooked_porkchop":2},"minecraft:broken":{"minecraft:stone_pickaxe":1},"minecraft:killed":{"minecraft:pig":1,"minecraft:salmon":1,"minecraft:squid":5,"ars_nouveau:wilden_guardian":1,"minecraft:sheep":5,"minecraft:skeleton":5,"minecraft:zombie":4,"ars_nouveau:wilden_stalker":2,"minecraft:llama":1,"ars_nouveau:summon_wolf":2,"ars_nouveau:wilden_hunter":1},"minecraft:picked_up":{"minecraft:crafting_table":3,"iceandfire:copper_ore":2,"minecraft:andesite":3,"minecraft:salmon":1,"minecraft:leather":2,"ars_nouveau:wilden_wing":1,"paraglider:spirit_orb":8,"minecraft:oak_log":22,"minecraft:dirt":2,"minecraft:bone":7,"minecraft:bow":1,"mysticalagriculture:inferium_essence":21,"appliedenergistics2:certus_quartz_crystal":10,"minecraft:poppy":1,"minecraft:chest":2,"minecraft:stick":15,"tconstruct:copper_ore":60,"forbidden_arcanus:tentacle":1,"minecraft:torch":7,"potionsmaster:bezoar":3,"appliedenergistics2:charged_certus_quartz_crystal":2,"minecraft:porkchop":2,"minecraft:spruce_sapling":9,"minecraft:ink_sac":10,"minecraft:spruce_log":13,"ars_nouveau:wilden_horn":1,"minecraft:arrow":5,"minecraft:rotten_flesh":4,"evilcraft:dark_gem":8,"minecraft:lodestone":1,"minecraft:oak_sapling":5,"botania:brown_mystical_flower":4,"botania:green_mystical_flower":2,"minecraft:mutton":8,"forbidden_arcanus:spawner_scrap":2,"minecraft:coal":138,"minecraft:white_wool":5,"minecraft:cobblestone":39},"minecraft:mined":{"tconstruct:copper_ore":60,"botania:green_mystical_flower":1,"minecraft:crafting_table":3,"minecraft:torch":1,"appliedenergistics2:charged_quartz_ore":1,"minecraft:chest":2,"minecraft:tall_grass":1,"minecraft:cobblestone":4,"minecraft:spruce_leaves":5,"mysticalagriculture:inferium_ore":5,"minecraft:wall_torch":6,"minecraft:spawner":2,"minecraft:tall_seagrass":1,"iceandfire:copper_ore":2,"minecraft:spruce_log":13,"evilcraft:dark_ore":2,"minecraft:grass":5,"minecraft:oak_log":22,"minecraft:coal_ore":138,"minecraft:vine":2,"minecraft:lodestone":1,"botania:brown_mystical_flower":4,"minecraft:stone":31,"appliedenergistics2:quartz_ore":6}},"DataVersion":2586}