{"stats":{"minecraft:custom":{"minecraft:interact_with_furnace":11,"minecraft:mob_kills":19,"minecraft:interact_with_crafting_table":6,"minecraft:play_one_minute":24158,"minecraft:time_since_death":24158,"minecraft:climb_one_cm":475,"minecraft:time_since_rest":24158,"minecraft:sprint_one_cm":44262,"minecraft:damage_taken":625,"minecraft:walk_one_cm":30538,"minecraft:damage_blocked_by_shield":80,"minecraft:drop":3,"minecraft:damage_dealt":3010,"minecraft:swim_one_cm":3314,"minecraft:fly_one_cm":64788,"minecraft:open_chest":19,"minecraft:crouch_one_cm":6197,"minecraft:sneak_time":2060,"minecraft:walk_under_water_one_cm":1700,"minecraft:jump":393,"minecraft:walk_on_water_one_cm":4013,"minecraft:fall_one_cm":9782},"minecraft:dropped":{"minecraft:rotten_flesh":1,"minecraft:stick":2,"botania:green_mystical_flower":1},"minecraft:crafted":{"minecraft:cooked_porkchop":2,"minecraft:wooden_pickaxe":1,"minecraft:cooked_salmon":1,"minecraft:cooked_mutton":8,"minecraft:air":59,"minecraft:stick":4,"minecraft:stone_pickaxe":1,"minecraft:wooden_axe":1},"minecraft:used":{"minecraft:cooked_mutton":3,"minecraft:stone_pickaxe":137,"minecraft:shield":2,"minecraft:chest":2,"minecraft:wooden_pickaxe":14,"potionsmaster:bezoar":3,"minecraft:cooked_salmon":1,"minecraft:torch":7,"minecraft:dirt":2,"minecraft:crafting_table":4,"minecraft:wooden_axe":11,"minecraft:iron_pickaxe":52,"minecraft:stone_axe":33,"minecraft:cobblestone":5,"minecraft:furnace":1,"minecraft:cooked_porkchop":2},"minecraft:broken":{"minecraft:stone_pickaxe":1},"minecraft:killed":{"minecraft:pig":1,"minecraft:salmon":1,"minecraft:squid":2,"ars_nouveau:wilden_guardian":1,"minecraft:sheep":5,"minecraft:skeleton":4,"minecraft:zombie":4,"ars_nouveau:wilden_stalker":1},"minecraft:picked_up":{"minecraft:crafting_table":3,"minecraft:andesite":3,"minecraft:salmon":1,"ars_nouveau:wilden_wing":1,"paraglider:spirit_orb":8,"minecraft:oak_log":6,"minecraft:dirt":2,"minecraft:bone":5,"minecraft:bow":1,"mysticalagriculture:inferium_essence":15,"appliedenergistics2:certus_quartz_crystal":10,"minecraft:poppy":1,"minecraft:chest":2,"minecraft:stick":4,"tconstruct:copper_ore":40,"minecraft:torch":7,"potionsmaster:bezoar":3,"appliedenergistics2:charged_certus_quartz_crystal":2,"minecraft:porkchop":2,"minecraft:ink_sac":4,"minecraft:arrow":5,"minecraft:rotten_flesh":4,"evilcraft:dark_gem":8,"minecraft:lodestone":1,"minecraft:oak_sapling":1,"botania:green_mystical_flower":2,"minecraft:mutton":8,"forbidden_arcanus:spawner_scrap":2,"minecraft:coal":117,"minecraft:white_wool":5,"minecraft:cobblestone":27},"minecraft:mined":{"tconstruct:copper_ore":40,"botania:green_mystical_flower":1,"minecraft:crafting_table":3,"minecraft:torch":1,"appliedenergistics2:charged_quartz_ore":1,"minecraft:chest":2,"minecraft:tall_grass":1,"mysticalagriculture:inferium_ore":3,"minecraft:wall_torch":6,"minecraft:spawner":2,"evilcraft:dark_ore":2,"minecraft:grass":5,"minecraft:oak_log":6,"minecraft:coal_ore":117,"minecraft:vine":2,"minecraft:lodestone":1,"minecraft:stone":23,"appliedenergistics2:quartz_ore":6}},"DataVersion":2586}