{"stats":{"minecraft:custom":{"minecraft:time_since_rest":12158,"minecraft:interact_with_furnace":5,"minecraft:sprint_one_cm":17897,"minecraft:damage_taken":145,"minecraft:walk_one_cm":8795,"minecraft:mob_kills":10,"minecraft:drop":3,"minecraft:damage_dealt":1030,"minecraft:interact_with_crafting_table":3,"minecraft:swim_one_cm":3084,"minecraft:fly_one_cm":35349,"minecraft:open_chest":8,"minecraft:play_one_minute":12158,"minecraft:crouch_one_cm":683,"minecraft:sneak_time":361,"minecraft:walk_under_water_one_cm":1558,"minecraft:jump":183,"minecraft:time_since_death":12158,"minecraft:walk_on_water_one_cm":3019,"minecraft:fall_one_cm":6343},"minecraft:crafted":{"minecraft:stick":4,"minecraft:wooden_pickaxe":1,"minecraft:wooden_axe":1,"minecraft:stone_pickaxe":1,"minecraft:air":43},"minecraft:dropped":{"botania:green_mystical_flower":1,"minecraft:rotten_flesh":1,"minecraft:stick":2},"minecraft:used":{"minecraft:wooden_axe":11,"minecraft:stone_pickaxe":22,"minecraft:chest":2,"minecraft:wooden_pickaxe":14,"potionsmaster:bezoar":3,"minecraft:stone_axe":11,"minecraft:crafting_table":4,"minecraft:furnace":1},"minecraft:picked_up":{"minecraft:stick":4,"minecraft:crafting_table":3,"minecraft:salmon":1,"potionsmaster:bezoar":3,"paraglider:spirit_orb":8,"minecraft:porkchop":2,"minecraft:oak_log":6,"minecraft:ink_sac":4,"minecraft:rotten_flesh":2,"mysticalagriculture:inferium_essence":4,"minecraft:lodestone":1,"minecraft:oak_sapling":1,"botania:green_mystical_flower":2,"minecraft:coal":16,"minecraft:chest":2,"minecraft:mutton":8,"forbidden_arcanus:spawner_scrap":2,"minecraft:white_wool":5,"minecraft:cobblestone":14},"minecraft:killed":{"minecraft:sheep":5,"minecraft:zombie":1,"minecraft:pig":1,"minecraft:salmon":1,"minecraft:squid":2},"minecraft:mined":{"botania:green_mystical_flower":1,"minecraft:crafting_table":3,"minecraft:grass":5,"minecraft:coal_ore":16,"minecraft:oak_log":6,"minecraft:vine":2,"minecraft:chest":2,"minecraft:lodestone":1,"minecraft:tall_grass":1,"minecraft:stone":14,"minecraft:spawner":2}},"DataVersion":2586}